date,link,title
"November 14, 2025",/news/press-releases/statements-remarks,Statement of the U.S. Department of the Treasury and the Taiwan Central Bank on Exchange Rate Policies
"November 13, 2025",/news/press-releases/sb0315,Treasury and Government of Mexico Partners Target Transnational Criminal Organization
"November 12, 2025",/news/press-releases/statements-remarks/secretary,Remarks by Secretary of the Treasury Scott Bessent before the Treasury Market Conference
"November 12, 2025",/news/press-releases/sb0312,Treasury Sanctions Burma Armed Group and Companies Linked to Organized Crime Targeting Americans
"November 12, 2025",/news/press-releases/sb0313,Treasury Disrupts Iran’s Transnational Missile and UAV Procurement Networks
"November 11, 2025",/news/press-releases/readouts,"Readout from Secretary of the Treasury Scott Bessent’s Meeting with Kęstutis Budrys, Minister of Foreign Affairs, Republic of Lithuania"
"November 6, 2025",/news/press-releases/sb0309,Treasury Orders Department-Wide Investigation into Potential Fraud Across Contracting Programs
"November 6, 2025",/news/press-releases/sb0308,Treasury Sanctions Hizballah Operatives Exploiting Lebanon’s Cash Economy
"November 5, 2025",/news/press-releases/sb0305,Quarterly Refunding Statement of Deputy Assistant Secretary for Federal Finance Brian Smith
"November 5, 2025",/news/press-releases/sb0306,Report to the Secretary of the Treasury from the Treasury Borrowing Advisory Committee
